Epoch,Train Loss,Val Loss,Val PSNR,Val SSIM,Learning Rate,Epoch Time
1,-52.71298658586107,-54.301713755469514,28.68342336044485,0.8291253771049594,0.001,3149.5716938972473
2,-53.97559226022368,-55.28493454438501,29.104559300786686,0.8403345123026246,0.001,3150.155678510666
3,-53.9177536043225,-55.50988958299552,29.374592092099597,0.8489174271671833,0.001,3146.123270750046
